date,latency_ms,n_trades,gross_bps,breakeven_fee_bps
2026-09-24,0,1894,0.727,0.5551
2026-09-24,50,1894,0.7494,0.5781
2026-09-24,100,1894,0.6493,0.4589
2026-09-24,250,1894,0.4229,0.2792
2026-09-24,500,1894,0.3383,0.2245
2026-09-24,1000,1894,0.2457,0.1476
2026-09-25,0,2509,1.0047,0.9713
2026-09-25,50,2509,1.0267,0.993
2026-09-25,100,2509,0.8402,0.6844
2026-09-25,250,2509,0.473,0.3404
2026-09-25,500,2509,0.3443,0.23
2026-09-25,1000,2509,0.2399,0.1353
2026-09-26,0,337,0.8356,0.8224
2026-09-26,50,337,0.8376,0.8217
2026-09-26,100,337,0.6761,0.5213
2026-09-26,250,337,0.31,0.2076
2026-09-26,500,337,0.1767,0.0634
2026-09-26,1000,337,0.1135,0.035
2026-09-27,0,878,0.9622,0.9268
2026-09-27,50,878,0.9712,0.9335
2026-09-27,100,878,0.7611,0.5914
2026-09-27,250,878,0.3851,0.2292
2026-09-27,500,878,0.2602,0.1604
2026-09-27,1000,878,0.195,0.1212
2026-09-28,0,2996,1.0071,0.9628
2026-09-28,50,2996,1.0179,0.9728
2026-09-28,100,2996,0.7908,0.5913
2026-09-28,250,2996,0.4173,0.2686
2026-09-28,500,2996,0.2878,0.1712
2026-09-28,1000,2996,0.1989,0.0965
2026-09-29,0,2361,0.8851,0.8681
2026-09-29,50,2361,0.8964,0.879
2026-09-29,100,2361,0.6946,0.5478
2026-09-29,250,2361,0.3746,0.2492
2026-09-29,500,2361,0.2566,0.1716
2026-09-29,1000,2361,0.2125,0.1422
2026-09-30,0,2481,0.9923,0.8834
2026-09-30,50,2481,1.0071,0.8976
2026-09-30,100,2481,0.7868,0.5299
2026-09-30,250,2481,0.4173,0.1986
2026-09-30,500,2481,0.25,0.0405
2026-09-30,1000,2481,0.1597,-0.0462
2026-10-01,0,2202,0.9719,0.9506
2026-10-01,50,2202,0.9843,0.9613
2026-10-01,100,2202,0.8004,0.658
2026-10-01,250,2202,0.4497,0.3257
2026-10-01,500,2202,0.312,0.2019
2026-10-01,1000,2202,0.1932,0.1091
2026-10-02,0,2769,1.0959,1.015
2026-10-02,50,2769,1.1016,1.0198
2026-10-02,100,2769,0.8595,0.6228
2026-10-02,250,2769,0.4882,0.2873
2026-10-02,500,2769,0.3073,0.1229
2026-10-02,1000,2769,0.1779,0.0083
2026-10-03,0,305,0.8523,0.8224
2026-10-03,50,305,0.8625,0.8324
2026-10-03,100,305,0.7195,0.5501
2026-10-03,250,305,0.3824,0.2304
2026-10-03,500,305,0.2764,0.1742
2026-10-03,1000,305,0.1882,0.1068
2026-10-04,0,174,0.96,0.9173
2026-10-04,50,174,0.9799,0.9372
2026-10-04,100,174,0.753,0.5694
2026-10-04,250,174,0.2736,0.0814
2026-10-04,500,174,0.1819,0.033
2026-10-04,1000,174,0.1267,-0.0069
