dimension,bucket,bucket_lo,bucket_hi,n_trades,gross_bps,spread_bps,breakeven_fee_bps,hit_rate,gross_bps_10s_ret
all,all,,,723,0.8275,0.1355,0.6919,0.7386,1.3536
rvol_bps_quintile,Q1,0.0,0.0735,97,0.9518,0.0014,0.9504,0.6186,1.3883
rvol_bps_quintile,Q2,0.0735,0.1221,103,0.7005,0.007,0.6936,0.6408,1.4174
rvol_bps_quintile,Q3,0.1221,0.1722,121,0.8982,0.009,0.8892,0.8264,1.4724
rvol_bps_quintile,Q4,0.1722,0.2514,138,0.918,0.041,0.8769,0.7899,1.0411
rvol_bps_quintile,Q5,0.2514,0.6559,264,0.7516,0.3424,0.4092,0.7538,1.4248
hour_utc,0,,,29,1.0453,0.0528,0.9926,0.9655,2.3143
hour_utc,1,,,22,0.7287,0.0012,0.7276,0.6818,1.6905
hour_utc,2,,,10,1.0378,0.0017,1.0362,0.9,1.5413
hour_utc,3,,,26,0.4689,0.0048,0.4641,0.6538,1.218
hour_utc,4,,,12,0.4744,0.601,-0.1265,0.8333,0.7439
hour_utc,5,,,11,0.5566,0.0035,0.5531,0.5455,0.7778
hour_utc,6,,,45,0.7417,0.6037,0.138,0.8222,0.9806
hour_utc,7,,,37,0.5773,0.1099,0.4674,0.6486,0.7993
hour_utc,8,,,23,0.8563,0.045,0.8113,0.913,1.0349
hour_utc,9,,,94,0.3752,0.2884,0.0869,0.4787,0.6863
hour_utc,10,,,41,0.9831,0.0539,0.9292,0.8049,1.8246
hour_utc,11,,,24,1.7378,0.0021,1.7358,0.7917,2.0042
hour_utc,12,,,32,0.9083,0.1093,0.799,0.875,1.4555
hour_utc,13,,,22,0.9454,0.0383,0.9071,0.9091,1.1669
hour_utc,14,,,18,0.9141,0.3897,0.5244,0.9444,1.5217
hour_utc,15,,,56,0.7878,0.0012,0.7866,0.625,0.8259
hour_utc,16,,,24,0.9777,0.1167,0.861,0.9167,1.4802
hour_utc,17,,,16,1.3097,0.0012,1.3085,0.9375,1.6213
hour_utc,18,,,15,0.5905,0.0012,0.5893,0.4,0.7078
hour_utc,19,,,6,1.1915,0.0029,1.1885,1.0,2.3701
hour_utc,20,,,66,1.1777,0.1145,1.0632,0.7727,2.1476
hour_utc,21,,,29,0.78,0.0428,0.7371,0.7586,1.0312
hour_utc,22,,,39,0.8981,0.0266,0.8715,0.7436,2.5052
hour_utc,23,,,26,0.7528,0.1266,0.6262,0.7308,0.8955
depth_5_tercile,T1,0.0465,0.1677,129,0.7402,0.1011,0.6392,0.7209,1.3852
depth_5_tercile,T2,0.1677,0.267,200,0.891,0.1234,0.7676,0.85,1.2793
depth_5_tercile,T3,0.2671,5.2233,394,0.8238,0.153,0.6708,0.6878,1.3809
