date,train_rows,val_rows,eval_rows,eval_hours,best_iter,n_trades,gross_bps,spread_bps,breakeven_fee_bps,hit_rate
2026-09-24,577299,114261,297948,23.9999,177,1894,0.727,0.1719,0.5551,0.7661
2026-09-25,824533,164982,275590,23.9998,187,2509,1.0047,0.0334,0.9713,0.9191
2026-09-26,1053511,211591,226178,23.9998,207,337,0.8356,0.0132,0.8224,0.9021
2026-09-27,1286499,204780,238854,23.9999,932,878,0.9622,0.0354,0.9268,0.8292
2026-09-28,1473230,256894,313985,23.9991,688,2996,1.0071,0.0443,0.9628,0.9182
2026-09-29,1661821,382303,248756,23.9998,747,2361,0.8851,0.017,0.8681,0.9348
2026-09-30,1916789,376088,251978,23.9999,484,2481,0.9923,0.1089,0.8834,0.8412
2026-10-01,2137447,407409,250865,23.9997,232,2202,0.9719,0.0213,0.9506,0.9351
2026-10-02,2337004,458717,287506,23.9999,284,2769,1.0959,0.0809,1.015,0.8537
2026-10-03,2551461,531766,201364,23.9996,499,305,0.8523,0.0299,0.8224,0.7279
2026-10-04,2769771,514820,158962,18.8253,201,174,0.96,0.0427,0.9173,0.8448
